train_acc,train_loss,val_acc,val_loss
0.03271578947368421,4.340019,0.06280000000000001,4.0651555
